pergunta,categoria
Quero pedir um cartão novo,Cartão
Quero solicitar um cartão de crédito novo.,Cartão
Como faço para solicitar a segunda via do meu cartão?,Cartão
perdi meu cartao oq eu faco,Cartão
Meu cartão não chegou qual o prazo de entrega?,Cartão
O cartão que eu pedi ainda não foi entregue na minha residência.,Cartão
Gostaria de saber os benefícios do cartão Platinum.,Cartão
Existe a cobrança de anuidade neste cartão?,Cartão
É possível ter um cartão adicional para o meu filho?,Cartão
como pede cartao adicional,Cartão
O cartão possui tecnologia de aproximação?,Cartão
meu cartao ta bloqueado cm q desbloqueia,Cartão
Preciso bloquear meu cartão temporariamente.,Cartão
cartao quebrou manda outro,Cartão
Como altero a senha do meu cartão de crédito?,Cartão
Esqueci a senha do meu cartão de crédito.,Cartão
Posso usar meu cartão no exterior?,Cartão
vou viajar pro chile o cartao passa la,Cartão
Qual a taxa de juros do rotativo do cartão?,Cartão
Por que meu cartão foi recusado hoje durante uma compra?,Cartão
Onde vejo o código de segurança do cartão?,Cartão
cvc do cartao onde fica,Cartão
Como desativar o pagamento por aproximação?,Cartão
Não quero mais utilizar a função de pagamento por aproximação.,Cartão
O cartão virtual tem a mesma validade do físico?,Cartão
como cria cartao virtual p comprar na net,Cartão
Fui roubado e levaram meu cartão cancele por favor.,Cartão
roubaram meu cartao bloqueia pfv,Cartão
Há alguma promoção de cashback ativa para este cartão?,Cartão
O cartão possui algum programa de cashback?,Cartão
Qual a bandeira do cartão que vocês emitem?,Cartão
q bandeira q é o cartao de vcs,Cartão
Posso personalizar o nome impresso no cartão?,Cartão
qro mudar o nome no cartao,Cartão
Gostaria de receber minha fatura por e-mail.,Fatura
manda a fatura no meu email,Fatura
Como faço para antecipar o pagamento da fatura?,Fatura
Quero realizar o pagamento da minha fatura antes do vencimento.,Fatura
Minha fatura fechou com valor errado.,Fatura
valor da fatura ta mt alto n reconheco,Fatura
Qual o dia de fechamento da minha fatura?,Fatura
q dia fecha a fatura,Fatura
Preciso da segunda via da fatura deste mês.,Fatura
Gostaria de solicitar a segunda via da minha fatura atual.,Fatura
Não recebi o código de barras para pagar a fatura.,Fatura
kd o boleto da fatura,Fatura
Como altero a data de vencimento da minha fatura?,Fatura
qro mudar o vencimento da fatura pro dia 10,Fatura
Posso parcelar a minha fatura deste mês?,Fatura
É possível realizar o parcelamento da fatura em três vezes?,Fatura
O pagamento da fatura ainda não constou no sistema.,Fatura
paguei a fatura ontem e ainda n liberou,Fatura
Qual o valor mínimo da minha fatura atual?,Fatura
qual o minimo da fatura,Fatura
Onde consigo visualizar as faturas dos meses anteriores?,Fatura
Gostaria de consultar as faturas dos meses que já passaram.,Fatura
Cobraram uma taxa estranha na minha fatura.,Fatura
q taxa e essa na minha fatura q n sei,Fatura
Gostaria de contestar uma compra na minha fatura.,Fatura
n fiz essa compra da fatura,Fatura
Se eu pagar a fatura hoje quando libera o limite?,Fatura
paga fatura no fds libera qnd,Fatura
Como habilitar o débito automático da fatura?,Fatura
Gostaria de programar a fatura em débito automático na minha conta.,Fatura
A fatura pode ser paga em qualquer banco?,Fatura
posso pagar fatura na loterica,Fatura
Existe alguma multa por atraso no pagamento da fatura?,Fatura
Gostaria de solicitar um aumento de limite.,Limite
aumenta meu limite pfv,Limite
Qual o meu limite de crédito atual?,Limite
Gostaria de consultar o valor do meu limite de crédito aprovado.,Limite
Meu limite foi reduzido sem aviso prévio.,Limite
pq diminuiram meu limite do nada,Limite
Como faço para transferir limite entre cartões?,Limite
É possível transferir o limite de um cartão para o outro?,Limite
É possível ter limite emergencial?,Limite
to precisando de limite emergencial hj,Limite
Quanto tempo demora para aprovarem o aumento de limite?,Limite
Qual é o prazo médio de análise para aumentar o limite?,Limite
Posso usar meu limite para fazer um PIX?,Limite
da pra fazer pix com o limite do cartao,Limite
Meu limite está negativo o que significa?,Limite
limite negativo como assim,Limite
Gostaria de diminuir o meu limite de crédito por segurança.,Limite
qro abaixar meu limite,Limite
Como funciona a avaliação de aumento de limite?,Limite
Quais são os critérios que vocês analisam para conceder mais limite?,Limite
Consigo ver o limite disponível pelo aplicativo?,Limite
onde vejo o limite no app,Limite
O limite do cartão adicional desconta do meu?,Limite
Os gastos do cartão adicional consomem o meu limite principal?,Limite
Qual o limite máximo que o banco oferece?,Limite
ql o maior limite q vcs dao,Limite
Fiz um pagamento mas o limite não foi restituído.,Limite
paguei e o limite n voltou pq,Limite
Posso pedir aumento de limite todo mês?,Limite
Existe um intervalo de tempo mínimo para pedir mais limite?,Limite
Preciso de mais limite para uma viagem internacional.,Limite
vou viajar libera mais limite ai,Limite
O limite para saque é diferente do limite para compras?,Limite
pergunta,categoria
Como peço um cartão de crédito novo?,Cartão
qro solicitar um cartao,Cartão
Onde vejo o status de entrega do cartão?,Cartão
meu cartao n chegou kd,Cartão
Quero a segunda via do cartão.,Cartão
perdi o cartao manda outro,Cartão
Quais os benefícios da variante Black?,Cartão
esse cartao tem anuidade?,Cartão
Como solicito cartão adicional pra minha esposa?,Cartão
qro um cartao pro meu filho,Cartão
O cartão tem aproximação?,Cartão
como q desativa a aproximacao do cartao,Cartão
Preciso bloquear o cartão rápido.,Cartão
roubaram meu cartao bloqueia,Cartão
Como mudar a senha do cartão?,Cartão
esqueci a senha do cartao de credito,Cartão
Posso comprar em dólar com esse cartão?,Cartão
vou pros eua o cartao funciona,Cartão
Qual o juros do rotativo?,Cartão
pq meu cartao n passou no mercado,Cartão
Onde fica o CVV?,Cartão
kd o codigo de seguranca q pede na compra,Cartão
Quero desativar compras online.,Cartão
como faz cartao virtual,Cartão
O cartão virtual expira?,Cartão
como exclui o cartao virtual,Cartão
Fui furtado cancelem o cartão.,Cartão
qro cancelar meu cartao de credito,Cartão
Tem programa de pontos?,Cartão
esse cartao da milhas,Cartão
Qual é a bandeira do cartão?,Cartão
a bandeira é master ou visa,Cartão
Posso por apelido no cartão impresso?,Cartão
quero trocar o nome q ta no cartao,Cartão
Quero pedir um cartão novo,Cartão
Quero visualizar minha fatura.,Fatura
onde vejo a fatura,Fatura
Como antecipar a fatura?,Fatura
qro pagar a fatura antes,Fatura
O valor da fatura está errado.,Fatura
fatura veio mt cara ta errado,Fatura
Qual o dia que a fatura fecha?,Fatura
que dia corta a fatura,Fatura
Preciso do PDF da fatura.,Fatura
manda a fatura no zika do zap,Fatura
Não recebi o boleto da fatura.,Fatura
kd o codigo de barras,Fatura
Como alterar a data de vencimento?,Fatura
qro mudar pro dia 15 o vencimento,Fatura
Posso parcelar essa fatura?,Fatura
da pra dividir a fatura em 10x,Fatura
Paguei a fatura mas não compensou.,Fatura
paguei hj de manha e n liberou,Fatura
Qual o mínimo da fatura?,Fatura
qual o valor minimo q posso pagar,Fatura
Onde vejo faturas antigas?,Fatura
qro ver a fatura de janeiro,Fatura
Tem uma taxa estranha aqui.,Fatura
q cobranca de iof e essa,Fatura
Quero contestar a fatura.,Fatura
n reconheco os gastos da fatura,Fatura
Pagando hoje libera quando?,Fatura
paga no domingo compensa qnd,Fatura
Como colocar em débito automático?,Fatura
qro cadastrar a fatura no debito,Fatura
Posso pagar em qualquer lotérica?,Fatura
onde paga essa fatura,Fatura
Qual a multa por atraso?,Fatura
atrasei a fatura 2 dias qnto pago de juros,Fatura
Quero aumento de limite.,Limite
aumenta meu limite ai,Limite
Qual é o meu limite disponível?,Limite
qnto tenho de limite,Limite
Diminuíram meu limite do nada.,Limite
pq meu limite abaixou,Limite
Como transferir limite entre cartões?,Limite
da pra passar o limite de um pro outro,Limite
Preciso de limite emergencial.,Limite
to no caixa e n passou tem limite extra,Limite
Quanto tempo demora a análise de limite?,Limite
qnd vcs vao aumentar meu limite,Limite
Posso usar o limite pra fazer pix?,Limite
pix no credito como faz,Limite
Meu limite ficou negativo.,Limite
limite negativo oq e isso,Limite
Quero diminuir meu limite por segurança.,Limite
abaixa meu limite pra 500,Limite
Como funciona o aumento de limite?,Limite
oq vcs avaliam pra dar limite,Limite
Onde vejo o limite no aplicativo?,Limite
kd o limite q n acho no app,Limite
Cartão adicional consome meu limite?,Limite
os gastos da minha mulher tira do meu limite,Limite
Qual o limite máximo liberado?,Limite
qual o teto de limite de vcs,Limite
Paguei a fatura e o limite não voltou.,Limite
pq o limite n liberou depois de pagar,Limite
Posso pedir aumento toda semana?,Limite
de qnto em qnto tempo posso pedir limite,Limite
Vou viajar preciso de mais limite.,Limite
libera limite ai vou fazer uma compra grande,Limite
O limite de saque é o mesmo de compra?,Limite
qnto posso sacar do limite,Limite
Quero cancelar minha conta.,Cancelamento
qro cancelar essa bosta de cartao,Cancelamento
Como encerro o meu cadastro?,Cancelamento
cancela tudo pfv,Cancelamento
Não quero mais ser cliente.,Cancelamento
quero excluir minha conta do app,Cancelamento
Existe taxa para cancelamento?,Cancelamento
paga algo p cancelar,Cancelamento
Como cancelar o cartão adicional?,Cancelamento
qro cancelar o cartao da minha esposa,Cancelamento
Se eu cancelar perco meus pontos?,Cancelamento
o q acontece com as milhas se cancelar,Cancelamento
Onde clico para cancelar tudo?,Cancelamento
n acho o botao de cancelar,Cancelamento
Cancelei e continuam cobrando.,Cancelamento
ta vindo cobranca de cartao cancelado,Cancelamento
Quero cancelar o seguro do cartão.,Cancelamento
como tira esse seguro da fatura,Cancelamento
Posso cancelar só a função crédito?,Cancelamento
qro ficar so com debito,Cancelamento
O aplicativo não abre.,Suporte App
app lixo n funciona,Suporte App
Como atualizar o aplicativo?,Suporte App
o app ta mandando atualizar mas n vai,Suporte App
Estou com erro ao fazer login.,Suporte App
n consigo entrar na conta da erro,Suporte App
O app está travando muito.,Suporte App
app bugado dms,Suporte App
Como falar com um atendente humano?,Suporte App
qro falar com uma pessoa n com robo,Suporte App
Onde acho o chat do aplicativo?,Suporte App
kd o suporte do app,Suporte App
Meu celular quebrou como acesso a conta?,Suporte App
troquei de cll como entro no app,Suporte App
A biometria do app parou de funcionar.,Suporte App
digital n ta lendo no app,Suporte App
O app consumiu muita bateria.,Suporte App
esse app trava o celular td,Suporte App
Não recebo notificação de compra no app.,Suporte App
pq n apita qnd passo o cartao,Suporte App
Não fiz essa compra.,Fraude/Extrato
clonaram meu cartao,Fraude/Extrato
Como emito o extrato dos últimos 30 dias?,Fraude/Extrato
qro meu extrato de compras,Fraude/Extrato
Tem um estabelecimento estranho no extrato.,Fraude/Extrato
q nome e esse q ta na minha fatura,Fraude/Extrato
Fui vítima de golpe no pix.,Fraude/Extrato
cai num golpe ajuda,Fraude/Extrato
Roubaram minha conta o que eu faço?,Fraude/Extrato
hackeram meu app,Fraude/Extrato
Como contestar uma transação não reconhecida?,Fraude/Extrato
qro estorno dessa compra q n fiz,Fraude/Extrato
Onde vejo o histórico de transações?,Fraude/Extrato
kd o extrato do mes passado,Fraude/Extrato
Recebi um SMS dizendo que fiz uma compra.,Fraude/Extrato
chegou msg de compra mas n fui eu,Fraude/Extrato
Cobrança duplicada no meu extrato.,Fraude/Extrato
passou 2x no mercado como arruma,Fraude/Extrato
Tem dinheiro sumindo da minha conta.,Fraude/Extrato
sumiu 50 reais do meu saldo,Fraude/Extrato
Quero renegociar minha dívida.,Renegociação
preciso parcelar o q to devendo,Renegociação
Qual o desconto para quitar à vista?,Renegociação
se pagar td tem desconto na divida,Renegociação
As parcelas do acordo estão muito altas.,Renegociação
qro diminuir a parcela do acordo,Renegociação
Quebrei o acordo o que faço agora?,Renegociação
atrasei a parcela da renegociacao,Renegociação
Onde vejo as propostas de acordo?,Renegociação
vcs tem feirao limpa nome,Renegociação
Posso juntar a dívida de dois cartões?,Renegociação
qro unificar as dividas,Renegociação
Como gerar o boleto do meu acordo?,Renegociação
kd o boleto da renegociacao desse mes,Renegociação
Se eu renegociar meu nome sai do Serasa?,Renegociação
qnto tempo limpa o nome se eu pagar,Renegociação
Quero cancelar o acordo feito.,Renegociação
fiz um acordo mas desisti como cancela,Renegociação
O juros da renegociação está abusivo.,Renegociação
esse juros da divida ta mt alto,Renegociação
Quero simular um empréstimo pessoal.,Empréstimo
qro pegar um dinheiro emprestado,Empréstimo
Qual a taxa de juros do empréstimo?,Empréstimo
qual o ceto do emprestimo de vcs,Empréstimo
Como antecipar as parcelas do empréstimo?,Empréstimo
qro quitar o emprestimo antes,Empréstimo
Meu empréstimo não caiu na conta.,Empréstimo
aprovou o emprestimo mas o dinheiro n ta la,Empréstimo
Em quantas vezes posso dividir o empréstimo?,Empréstimo
posso fazer emprestimo em 48x,Empréstimo
Estou negativado consigo empréstimo?,Empréstimo
faz emprestimo pra negativado,Empréstimo
Posso cancelar um empréstimo recém contratado?,Empréstimo
peguei o emprestimo ontem mas n qro mais,Empréstimo
O que é empréstimo com garantia?,Empréstimo
como funciona dar o carro de garantia,Empréstimo
Onde vejo o contrato do meu empréstimo?,Empréstimo
kd o contrato do dinheito q peguei,Empréstimo
O limite do cartão interfere no empréstimo?,Empréstimo
emprestimo come o limite do cartao,Empréstimo
Esqueci a senha do meu cartão.,Senha
n lembro a senha de 4 digitos,Senha
Como desbloquear a senha que errei 3 vezes?,Senha
errei a senha 3x bloqueou,Senha
Quero alterar a senha de acesso ao app.,Senha
como muda a senha do app,Senha
A senha do cartão é a mesma do aplicativo?,Senha
a senha de entrar e a mesma de comprar,Senha
Onde vejo a senha do meu cartão novo?,Senha
a senha vem por sms ou carta,Senha
Minha senha expirou.,Senha
ta pedindo p mudar a senha pq expirou,Senha
Não recebi o link para redefinir a senha.,Senha
n chega o email pra mudar a senha,Senha
Como criar uma senha mais forte?,Senha
quais os requisitos pra senha nova,Senha
A senha da conta serve para o cartão virtual?,Senha
qual senha usa no cartao virtual,Senha
Bloquearam minha senha por suspeita de fraude.,Senha
banco bloqueou minha senha do nada,Senha
Vocês são incompetentes cadê meu cartão?!,Cartão
q demora da porra p mandar a via nova,Cartão
Estou farto de esperar a entrega desse cartão!,Cartão
vcs tao de sacanagem cartao atrasado 1 mes,Cartão
Resolvam o problema do meu cartão agora!,Cartão
n aguento mais ligar ai por causa desse cartao,Cartão
É um absurdo eu não poder usar meu cartão!,Cartão
libera a porra do meu cartao logo,Cartão
Se não mandarem o cartão hoje eu cancelo!,Cartão
ou vcs entregam saporra ou cancela,Cartão
Essa fatura é um roubo me expliquem agora!,Fatura
q palhacada e essa de juros na fatura arruma isso,Fatura
Estou indignado com o valor dessa fatura!,Fatura
vcs tao roubando na fatura olha esse valor,Fatura
Exijo o estorno desses juros abusivos na fatura!,Fatura
tira esse iof ridiculo da minha fatura agora,Fatura
Vou processar vocês por essa cobrança indevida!,Fatura
procon vai adorar saber dessa fatura errada,Fatura
Resolvam minha fatura imediatamente!,Fatura
ou arruma a fatura hj ou n pago,Fatura
Vocês reduziram meu limite sem me consultar!,Limite
q falta de respeito diminuir meu limite sem avisar,Limite
É uma vergonha o limite que vocês me deram!,Limite
banco lixo com esse limite de 50 reais,Limite
Aumentem a porcaria do meu limite agora!,Limite
aumenta essa merda de limite to precisando,Limite
Preciso do limite de volta cancelem essa compra!,Limite
devolve meu limite dessa compra cancelada logo,Limite
Estou no caixa passando vergonha por falta de limite!,Limite
aumenta o limite to no mercado e n passou,Limite
Como cancela? A tela sumiu.,Cancelamento
meu filho onde aperta pra cancelar n sei,Cancelamento
Quero cancelar mas não entendo essas letras miúdas.,Cancelamento
moça como tira esse cartao do meu nome n acho,Cancelamento
Não consigo ler a tela pra cancelar me ajuda.,Cancelamento
ta td confuso como desliga a conta,Cancelamento
O botão de cancelar não funciona a internet caiu?,Cancelamento
clico no x e n sai ajuda a cancelar,Cancelamento
Minha neta não conseguiu cancelar pelo computador.,Cancelamento
cancela pra mim pfv n sei mexer nisso,Cancelamento
Onde foi parar o desenho do aplicativo?,Suporte App
a bolinha do banco sumiu do celular,Suporte App
Não consigo digitar minha senha o teclado sumiu.,Suporte App
n aparece as letras pra entrar no app,Suporte App
A tela ficou toda preta me ajudem.,Suporte App
o celular apagou qnd abri o banco oq eu fiz,Suporte App
Como falo com a moça do banco pelo celular?,Suporte App
alo e da central eu n sei usar o aplicativo,Suporte App
Apertei um botão e sumiu tudo.,Suporte App
cliquei num negocio azul e sumiu o app,Suporte App
Tem um nome esquisito aqui no papel do banco.,Fraude/Extrato
compraram algo na internet mas eu n tenho internet,Fraude/Extrato
Tiraram dinheiro da minha conta eu fui roubado?,Fraude/Extrato
sumiu os 10 reais q deixei la e golpe,Fraude/Extrato
Apareceu uma mensagem de compra mas eu to em casa.,Fraude/Extrato
n sai de casa como comprei no ifood,Fraude/Extrato
Como vejo o papelzinho com os gastos?,Fraude/Extrato
onde tira o extrato no caixa eletronico,Fraude/Extrato
Acho que o moço da padaria roubou meus dados.,Fraude/Extrato
passei o cartao na feira e agora tem compra estranha,Fraude/Extrato
pergunta,categoria
Gostaria de rastrear o envio do meu cartão.,Cartão
qnd q meu cartao novo chega,Cartão
Meu cartão vence esse mês enviam outro automático?,Cartão
cartao vencendo manda outro,Cartão
Como solicitar o upgrade para a versão Black?,Cartão
qro o cartao black como faz,Cartão
Posso escolher a cor do meu cartão de crédito?,Cartão
tem cartao de outra cor,Cartão
Fui taxado na anuidade como peço isenção?,Cartão
n qro pagar anuidade tira ai,Cartão
O cartão de crédito tem seguro proteção de preço?,Cartão
A validade do meu cartão expirou o que eu faço?,Cartão
Como faço o download da fatura em PDF?,Fatura
qro baixar a fatura em pdf,Fatura
Onde eu copio o código PIX para pagar a fatura?,Fatura
kd o pix copia e cola da fatura,Fatura
Paguei minha fatura em duplicidade o que faço?,Fatura
paguei a fatura duas vezes e agr,Fatura
Posso alterar o endereço de envio da fatura impressa?,Fatura
manda a fatura de papel pra outro endereco,Fatura
É possível pagar a fatura com o saldo da conta?,Fatura
da p pagar fatura com saldo,Fatura
Não concordo com essa taxa de manutenção na fatura.,Fatura
Qual é o limite para compras internacionais?,Limite
qnto de limite tem p comprar na gringa,Limite
Se eu antecipar a fatura o limite volta na hora?,Limite
paguei antes o limite volta hj msm,Limite
Por que meu limite de crédito não aumenta nunca?,Limite
meu limite n sobe nunca pq,Limite
Posso comprometer todo o meu limite em uma única compra?,Limite
posso gastar o limite td de uma vez,Limite
Quero reajustar meu limite para o valor antigo.,Limite
volta meu limite q tava antes pfv,Limite
O limite da conta é diferente do limite do cartão?,Limite
Como faço o cancelamento definitivo da conta?,Cancelamento
qro cancelar td pra smp,Cancelamento
Fui cobrado após solicitar o cancelamento.,Cancelamento
cancelei e vcs tao me cobrando ainda,Cancelamento
Qual o número para ligar e cancelar o cartão?,Cancelamento
ql numero ligo p cancelar saporra,Cancelamento
Se eu cancelar agora pago a fatura do mês que vem?,Cancelamento
se cancelar tem q pagar oq falta,Cancelamento
Como desfazer um cancelamento feito por engano?,Cancelamento
cancelei sem qrer tem como voltar,Cancelamento
O botão de cancelar sumiu do aplicativo.,Cancelamento
O aplicativo não reconhece o meu rosto na biometria.,Suporte App
app n le minha cara,Suporte App
Onde atualizo meus dados cadastrais no app?,Suporte App
qro mudar meu numero no app onde vai,Suporte App
Meu aplicativo diz que a versão é obsoleta.,Suporte App
app ta pedindo p atualizar mas ja ta,Suporte App
Como ativar o modo escuro no aplicativo?,Suporte App
tem dark mode no app,Suporte App
O aplicativo desloga sozinho toda hora.,Suporte App
app ta fechando sozinho pq,Suporte App
Não consigo baixar o comprovante pelo celular.,Suporte App
Encontrei uma assinatura recorrente que não contratei.,Fraude/Extrato
tem uma assinatura aki q n fiz,Fraude/Extrato
Alguém tentou acessar minha conta de outro estado.,Fraude/Extrato
tentaram entrar na minha conta de sp,Fraude/Extrato
Como gero o extrato do ano passado inteiro?,Fraude/Extrato
qro extrato de 2025 inteiro,Fraude/Extrato
Recebi um e-mail dizendo que minha conta foi bloqueada.,Fraude/Extrato
email de vcs falando q bloqueou e vdd,Fraude/Extrato
Essa transferência PIX não foi feita por mim.,Fraude/Extrato
saiu um pix q n fui eu q fiz socorro,Fraude/Extrato
Como denuncio um boleto falso que paguei?,Fraude/Extrato
Como acesso o portal de renegociação de dívidas?,Renegociação
onde vejo os acordos p pagar,Renegociação
Posso pagar a renegociação com cartão de crédito?,Renegociação
da p parcelar o acordo no cartao,Renegociação
Faltam quantas parcelas para quitar meu acordo?,Renegociação
qnts parcelas falta p acabar a divida,Renegociação
Meu nome continua sujo mesmo após pagar o acordo.,Renegociação
paguei e meu nome ta no serasa ainda,Renegociação
Como pedir a segunda via do boleto do acordo?,Renegociação
kd a 2 via do acordo q venceu,Renegociação
Quero quitar todas as parcelas da renegociação hoje.,Renegociação
Qual é o valor máximo liberado para empréstimo pessoal?,Empréstimo
qnto vcs liberam de emprestimo no maximo,Empréstimo
Consigo fazer portabilidade do meu empréstimo para vocês?,Empréstimo
da p trazer meu emprestimo p ca,Empréstimo
Como antecipar o pagamento da última parcela do empréstimo?,Empréstimo
qro pagar a ultima parcela do emprestimo,Empréstimo
Existe seguro prestamista embutido no empréstimo?,Empréstimo
tao cobrando seguro no meu emprestimo pq,Empréstimo
Por que meu pedido de empréstimo foi negado?,Empréstimo
pq n aprovaram meu emprestimo,Empréstimo
Quanto tempo o dinheiro do empréstimo demora para cair?,Empréstimo
Como recuperar a senha eletrônica da conta?,Senha
n lembro a senha de letras,Senha
Posso usar a mesma senha para cartões diferentes?,Senha
a senha pode ser igual p tds os cartoes,Senha
Onde digito a senha do cartão virtual?,Senha
o cartao virtual precisa de senha na net,Senha
Minha senha foi bloqueada preventivamente.,Senha
bloqueou a senha por seguranca cm arruma,Senha
Preciso cadastrar uma nova senha no caixa eletrônico?,Senha
a senha nova tem q ir no caixa eletronico,Senha
Digitei a senha certa e deu erro no terminal.,Senha
maquininha deu senha errada mas ta certa,Senha
pergunta,categoria
Como peço um cartão de crédito para minha filha?,Cartão
qro um cartao novo como q faz,Cartão
Qual a previsão de entrega do meu cartão?,Cartão
kd meu cartao q n chega nunca,Cartão
Preciso da via atualizada do cartão.,Cartão
perdi a porra do cartao manda outro,Cartão
O cartão Platinum tem sala VIP?,Cartão
esse cartao tem q pagar anuidade,Cartão
Posso solicitar até quantos cartões adicionais?,Cartão
como q ponho minha mulher no cartao,Cartão
Onde desativo o pagamento por aproximação?,Cartão
como tira a aproximacao do cartao,Cartão
Preciso bloquear meu cartão pois perdi a carteira.,Cartão
fui assaltado bloqueia o cartao pfv,Cartão
Qual o procedimento para trocar a senha do cartão?,Cartão
esqueci a senha q passa na maquininha,Cartão
Esse cartão é aceito na Europa?,Cartão
vou pra portugal o cartao funciona la,Cartão
Qual a taxa do rotativo se eu não pagar o total?,Cartão
pq deu cartao recusado no posto,Cartão
Onde encontro o código CVV no cartão físico?,Cartão
kd o codigo de 3 numeros do cartao,Cartão
Como gerar um cartão virtual para compras online?,Cartão
qro cartao virtual p ifood,Cartão
O cartão virtual muda o número toda compra?,Cartão
como apaga o cartao virtual q criei,Cartão
Fui roubado cancelem meu cartão físico.,Cartão
cancela meu cartao q perdi na rua,Cartão
Esse cartão acumula pontos Livelo?,Cartão
cartao de vcs da milha azul,Cartão
Posso escolher a bandeira do meu cartão?,Cartão
a bandeira do cartao e mastercard ne,Cartão
Como escolho o nome que vai impresso no plástico?,Cartão
posso colocar meu apelido no cartao,Cartão
O cartão físico demorou muito para chegar.,Cartão
q demora p entregar o cartao em,Cartão
Qual a transportadora que entrega o cartão?,Cartão
tem rastreio do cartao q ta vindo,Cartão
O cartão tem seguro contra roubo?,Cartão
qro por seguro no cartao,Cartão
A anuidade vem cobrada direto na fatura?,Cartão
cobranca de anuidade ta certa,Cartão
Como desbloqueio o cartão que acabou de chegar?,Cartão
cartao chegou como q desbloqueia,Cartão
Onde peço a segunda via do cartão danificado?,Cartão
meu cartao quebrou no meio manda outro,Cartão
Posso ter dois cartões de crédito da mesma conta?,Cartão
qro 2 cartoes p mim msm,Cartão
O cartão é contactless?,Cartão
qro ativar a aproximacao denovo,Cartão
Fui furtado no ônibus cancelem tudo.,Cartão
perdi td cancela o cartao urgente,Cartão
Como recupero a senha de 4 dígitos do cartão?,Cartão
n lembro a senha de compra,Cartão
O cartão funciona na Argentina?,Cartão
compras internacionais no cartao ta liberado,Cartão
Meu cartão não passou na padaria por quê?,Cartão
passou cartao invalido na maquininha,Cartão
Onde fica a data de validade no novo cartão?,Cartão
kd o mes e ano no cartao novo,Cartão
Preciso do PDF detalhado da minha fatura.,Fatura
manda a fatura no meu zap,Fatura
Como adianto o pagamento da fatura que vai vencer?,Fatura
qro pagar a fatura de dezembro hj,Fatura
O valor total da fatura está incorreto.,Fatura
fatura veio 2 mil reais ta errado isso,Fatura
Qual o dia exato de corte da fatura?,Fatura
q dia q fecha a fatura p mim comprar,Fatura
Como baixar a fatura pelo site?,Fatura
qro o boleto da fatura p pagar,Fatura
Não chegou o e-mail com a fatura deste mês.,Fatura
kd a fatura q n ta no email,Fatura
Como mudar o dia de vencimento para o dia 20?,Fatura
qro mudar a data da fatura,Fatura
Tem como parcelar o total da fatura?,Fatura
da p pagar a fatura parcelada,Fatura
Fiz o pagamento da fatura e o limite não voltou.,Fatura
paguei sexta e ate hj n caiu a fatura,Fatura
Qual o pagamento mínimo exigido na fatura?,Fatura
qnto q e o minimo dessa fatura,Fatura
Onde consulto a fatura do mês retrasado?,Fatura
qro ver a fatura de marco,Fatura
Não reconheço a cobrança de IOF na fatura.,Fatura
q taxa absurda e essa na minha fatura,Fatura
Como abrir uma contestação de compra na fatura?,Fatura
n comprei isso na fatura quero meu dinheiro,Fatura
Se pagar a fatura no sábado libera na segunda?,Fatura
paga fatura final de semana cai qnd,Fatura
Como habilitar o pagamento da fatura no débito automático?,Fatura
qro por a fatura no debito da conta,Fatura
Posso pagar a fatura usando a conta de outro banco?,Fatura
da p pagar a fatura com nubank,Fatura
Qual o juros cobrado se eu atrasar a fatura um dia?,Fatura
atrasei a fatura vou pagar mt juros,Fatura
A fatura pode ser enviada por Correios?,Fatura
manda a fatura de papel la p casa,Fatura
Por que minha fatura veio zerada?,Fatura
fatura ta 0 reais pq,Fatura
Como faço para dividir a fatura em 12 vezes?,Fatura
qro parcelar a fatura no maximo q da,Fatura
O limite de crédito volta na hora que pago a fatura?,Fatura
se pagar fatura no pix libera o limite,Fatura
Paguei o valor menor que a fatura o que acontece?,Fatura
paguei so um pouco da fatura e agr,Fatura
Como gerar a linha digitável da fatura?,Fatura
kd o codigo de barras da fatura,Fatura
Minha fatura venceu ontem como pago agora?,Fatura
fatura vencida como q paga,Fatura
Onde vejo as compras que vão vir na próxima fatura?,Fatura
qro ver a fatura do mes q vem,Fatura
Não consigo abrir o anexo da fatura no e-mail.,Fatura
fatura em pdf n abre no celular,Fatura
Quais os encargos do rotativo da fatura?,Fatura
juros da fatura ta abusivo dms,Fatura
Gostaria de solicitar um aumento substancial de limite.,Limite
aumenta meu limite pelamor de deus,Limite
Como verifico o limite disponível para compras hoje?,Limite
qnto q eu tenho de limite no app,Limite
Meu limite foi cortado pela metade sem explicação.,Limite
vcs tiraram meu limite pq,Limite
Como passar parte do limite para meu irmão?,Limite
tem como transferir limite p outra conta,Limite
Como solicitar uma análise de limite emergencial?,Limite
to no hospital tem limite emergencial,Limite
Em quanto tempo vocês aprovam mais limite?,Limite
analise de limite demora qnts dias,Limite
É possível usar o limite de crédito para transferência PIX?,Limite
como q faz pix usando o limite,Limite
Aparece que meu limite está negativo o que eu faço?,Limite
limite negativo q porra e essa,Limite
Quero reduzir meu limite para evitar gastos excessives.,Limite
abaixa meu limite p 100 reais,Limite
Quais dados uso para comprovar renda e aumentar limite?,Limite
oq mando p aprovar mais limite,Limite
Não acho onde mostra o limite no novo aplicativo.,Limite
kd o limite na tela inicial,Limite
O cartão da minha filha consome do meu limite total?,Limite
adicional gasta do meu limite ne,Limite
Qual o limite inicial que vocês costumam liberar?,Limite
vcs liberam qnto de limite na hora,Limite
Fiz estorno e o limite não foi devolvido.,Limite
cancelaram a compra mas o limite n voltou,Limite
Existe uma data certa para pedir aumento de limite?,Limite
qnd q atualiza o limite de vcs,Limite
Vou viajar para o exterior preciso dobrar meu limite.,Limite
preciso de mt limite p viajar amanhã,Limite
Qual o meu limite para realizar saque no caixa 24h?,Limite
tem limite p sacar dinheiro no credito,Limite
Meu pedido de aumento de limite foi negado novamente.,Limite
vcs n aprovam limite nunca lixo,Limite
Posso usar o FGTS para conseguir mais limite?,Limite
da p aumentar o limite com fgts,Limite
Por que o limite não atualiza no aplicativo?,Limite
app n mostra o limite certo,Limite
O limite do meu cartão não cobre o valor do celular.,Limite
preciso de limite p comprar um iphone,Limite
Meu limite sumiu da tela inicial.,Limite
zerou meu limite do nada pq,Limite
Posso usar o limite da conta para pagar a fatura?,Limite
cheque especial paga fatura,Limite
O limite aprovado foi de 50 reais que vergonha.,Limite
banco ridiculo 50 conto de limite,Limite
Como cancelar minha conta e encerrar o relacionamento?,Cancelamento
qro cancelar minha conta logo,Cancelamento
Qual o caminho no aplicativo para excluir meu cadastro?,Cancelamento
onde clica p excluir a conta no app,Cancelamento
Não desejo mais manter nenhum serviço ativo com vocês.,Cancelamento
cancela td n qro mais,Cancelamento
Haverá cobrança de taxa se eu cancelar hoje?,Cancelamento
cancela essa bosta tem taxa,Cancelamento
Como procedo para cancelar apenas o cartão do meu dependente?,Cancelamento
qro cancelar o cartao do meu filho,Cancelamento
O que acontece com meus pontos acumulados se eu cancelar a conta?,Cancelamento
se eu cancelar as milhas some,Cancelamento
Não encontro a opção de cancelamento de conta no menu.,Cancelamento
kd o botao de cancelar q sumiu,Cancelamento
Solicitei cancelamento mês passado e a fatura chegou novamente.,Cancelamento
cancelei a conta e ta vindo cobranca ainda,Cancelamento
Desejo cancelar a apólice de seguro vinculada ao cartão.,Cancelamento
tira esse seguro q n pedi,Cancelamento
É possível cancelar a função crédito e ficar só com débito?,Cancelamento
qro cancelar o credito deixa so debito,Cancelamento
Como cancelar um Pix agendado por engano?,Cancelamento
agendei um pix errado cm cancela,Cancelamento
Quero revogar a autorização de débito automático.,Cancelamento
cancela o debito automatico da conta,Cancelamento
Estou tentando ligar para cancelar mas ninguém atende.,Cancelamento
atendimento lixo n consigo cancelar,Cancelamento
Se eu cancelar a conta perco meu histórico de faturas?,Cancelamento
cancelei a conta perco os comprovantes,Cancelamento
Fui cobrado indevidamente quero cancelar e ser reembolsado.,Cancelamento
qro cancelar e qro meu dinheiro de volta,Cancelamento
Como cancelar a minha chave PIX cadastrada?,Cancelamento
exclui minha chave pix de vcs,Cancelamento
Minha esposa faleceu como cancelo a conta dela?,Cancelamento
dono da conta morreu cm cancela,Cancelamento
Quero cancelar a renegociação que fiz ontem.,Cancelamento
n qro mais o acordo tem cm cancelar,Cancelamento
Estou insatisfeito com o atendimento quero cancelar minha conta.,Cancelamento
vcs tratam cliente mal qro cancelar,Cancelamento
Como cancelar o envio de SMS promocional?,Cancelamento
para de mandar msg no meu cll,Cancelamento
O aplicativo não passa da tela de carregamento inicial.,Suporte App
app n abre fica so girando,Suporte App
Como forçar a atualização do aplicativo para a versão mais recente?,Suporte App
como q atualiza essa porcaria de app,Suporte App
Estou recebendo mensagem de erro de servidor ao tentar login.,Suporte App
da erro de servidor qnd ponho a senha,Suporte App
O aplicativo fecha sozinho sempre que tento ver a fatura.,Suporte App
app trava td hora q vou ver a fatura,Suporte App
Como aciono o chat para falar com suporte técnico humano?,Suporte App
qro falar c pessoa n c robo,Suporte App
A opção de ajuda sumiu do menu principal.,Suporte App
kd o suporte no aplicativo,Suporte App
Troquei de aparelho celular como restauro meu acesso no novo?,Suporte App
cm faco login no celular novo,Suporte App
O reconhecimento facial do aplicativo parou de funcionar na claridade.,Suporte App
biometria do rosto n le de jeito nenhum,Suporte App
Desde a última atualização o aplicativo está drenando minha bateria.,Suporte App
app d vcs ta descarregando meu cll,Suporte App
Não estou recebendo as notificações de compras no meu smartphone.,Suporte App
pq n chega notificacao qnd passo o cartao,Suporte App
Onde mudo meu e-mail e telefone no cadastro do aplicativo?,Suporte App
qro mudar meu email onde vou,Suporte App
O aplicativo diz que meu dispositivo não é seguro.,Suporte App
app falando q meu celular tem virus,Suporte App
Como limpar o cache do aplicativo que está muito lento?,Suporte App
app ta pesando mt no celular,Suporte App
A câmera não abre pelo aplicativo para escanear boleto.,Suporte App
camera n foca no boleto pelo app,Suporte App
A interface do aplicativo está toda desconfigurada no meu tablet.,Suporte App
a tela do app ta cortada,Suporte App
Não consigo copiar o código de barras no aplicativo.,Suporte App
botao de copiar boleto n funciona,Suporte App
O aplicativo parou na tela de verificação de segurança.,Suporte App
app travou na tela de seguranca,Suporte App
Como desvincular meu aplicativo do celular antigo que foi roubado?,Suporte App
roubaram meu celular cm tira a conta dele,Suporte App
Tem como acessar minha conta pelo computador ao invés do app?,Suporte App
da p ver a conta pelo notebook,Suporte App
O teclado não aparece quando tento digitar a senha no aplicativo.,Suporte App
teclado n sobe p por a senha,Suporte App
Apareceu uma compra internacional que eu não reconheço na fatura.,Fraude/Extrato
n fiz essa compra de dolar aq,Fraude/Extrato
Como gerar um extrato detalhado dos últimos noventa dias?,Fraude/Extrato
qro o extrato de tres meses atras,Fraude/Extrato
Tem uma cobrança de uma loja com nome muito estranho no extrato.,Fraude/Extrato
q loja e essa na minha fatura,Fraude/Extrato
Fiz um PIX para uma loja falsa sofri um golpe.,Fraude/Extrato
cai no golpe do pix ajuda p favor,Fraude/Extrato
Acho que alguém invadiu minha conta bancária.,Fraude/Extrato
entraram na minha conta e limparam tudo,Fraude/Extrato
Qual o procedimento para contestar transferências não reconhecidas?,Fraude/Extrato
qro o estorno desse pix q n fiz,Fraude/Extrato
Onde encontro o histórico de TEDs antigos no aplicativo?,Fraude/Extrato
kd o comprovante da transferencia de janeiro,Fraude/Extrato
Recebi um SMS confirmando uma compra que não realizei.,Fraude/Extrato
msg de compra q n fui eu socorro,Fraude/Extrato
Fui cobrado duas vezes pela mesma compra no supermercado.,Fraude/Extrato
passou 2 vezes no mercadinho cm q faz,Fraude/Extrato
O saldo da minha conta sumiu misteriosamente.,Fraude/Extrato
roubaram meu dinheiro do banco,Fraude/Extrato
Meu extrato sumiu da tela do aplicativo.,Fraude/Extrato
n consigo ver meu extrato de hoje,Fraude/Extrato
Como bloquear preventivamente por suspeita de fraude?,Fraude/Extrato
qro bloquear td acho q me clonaram,Fraude/Extrato
Tem um saque no caixa eletrônico que eu não fiz.,Fraude/Extrato
sacaram meu dinheiro no 24h,Fraude/Extrato
O comprovante do PIX sumiu do meu extrato.,Fraude/Extrato
kd o recibo do pix q fiz ontem,Fraude/Extrato
Ligaram dizendo ser do banco pedindo minha senha é golpe?,Fraude/Extrato
vcs ligam pedindo a senha do app,Fraude/Extrato
Um desconhecido me enviou um PIX por engano.,Fraude/Extrato
caiu um pix errado na minha conta,Fraude/Extrato
Como baixo o extrato consolidado do ano para o imposto de renda?,Fraude/Extrato
qro extrato p leao do imposto,Fraude/Extrato
A compra foi cancelada na loja mas consta no extrato.,Fraude/Extrato
cancelei na loja mas ta na fatura,Fraude/Extrato
Qual o prazo para estornarem uma compra fraudulenta?,Fraude/Extrato
estorno da fraude cai em qnts dias,Fraude/Extrato
Roubaram meus documentos e abriram conta no meu nome.,Fraude/Extrato
usaram meu nome p abrir conta ai,Fraude/Extrato
Gostaria de negociar as faturas que estão em atraso.,Renegociação
preciso parcelar minha fatura atrasada,Renegociação
Se eu quitar a dívida à vista tenho redução de juros?,Renegociação
tem desconto se eu pagar a divida td de uma vez,Renegociação
As parcelas do meu acordo estão comprometendo minha renda.,Renegociação
preciso de uma parcela menor no acordo,Renegociação
Não consegui pagar o acordo deste mês o que acontece?,Renegociação
n paguei o acordo hj e agora,Renegociação
Onde posso visualizar as opções de renegociação disponíveis?,Renegociação
onde vejo pra renegociar a divida,Renegociação
É possível unificar as dívidas de dois cartões em um só boleto?,Renegociação
da p juntar as duas faturas p negociar,Renegociação
Como solicito a segunda via do boleto do acordo firmado?,Renegociação
kd o boleto do meu acordo desse mes,Renegociação
Após o pagamento da renegociação em quanto tempo limpa meu nome?,Renegociação
paguei qnd q sai do spc,Renegociação
Desejo cancelar a renegociação e fazer uma nova proposta.,Renegociação
qro cancelar o acordo e fazer outro melhor,Renegociação
Estou achando os juros da renegociação extremamente abusivos.,Renegociação
juros do acordo ta um absurdo,Renegociação
Tem algum mutirão de negociação de dívidas acontecendo?,Renegociação
vcs tao no feirao do serasa,Renegociação
Posso dar uma entrada maior para diminuir as parcelas do acordo?,Renegociação
se eu der entrada a parcela da divida abaixa,Renegociação
O acordo foi quebrado por atraso de um dia.,Renegociação
atrasei o acordo 1 dia e cancelou pq,Renegociação
Consigo renegociar uma dívida que já tem mais de cinco anos?,Renegociação
divida velha de 5 anos da p negociar,Renegociação
Paguei o acordo mas ainda recebo ligações de cobrança.,Renegociação
ja paguei para de me ligar cobrando,Renegociação
Onde consigo o termo de quitação da minha dívida?,Renegociação
qro o recibo q quitei a divida,Renegociação
Tem como jogar a parcela do acordo pro mês que vem?,Renegociação
pula a parcela do acordo p mes q vem,Renegociação
Estou desempregado como faço para renegociar a dívida?,Renegociação
to sem emprego tem cm congelar a divida,Renegociação
O boleto do acordo não está registrando no sistema.,Renegociação
fui pagar o acordo e deu boleto invalido,Renegociação
Qual o valor mínimo para conseguir parcelar a dívida?,Renegociação
ate qnto pode parcelar o acordo,Renegociação
Quero fazer uma simulação de empréstimo consignado.,Empréstimo
qro simular um dinheiro emprestado,Empréstimo
Qual a taxa de juros efetiva do empréstimo pessoal?,Empréstimo
qnto q e o juros do emprestimo,Empréstimo
Como realizar a amortização antecipada das parcelas do empréstimo?,Empréstimo
qro pagar o emprestimo de tras p frente,Empréstimo
O valor do empréstimo aprovado não foi creditado na conta.,Empréstimo
fiz o emprestimo e o dinheiro n caiu,Empréstimo
Qual o prazo máximo em meses para pagamento do empréstimo?,Empréstimo
posso pagar o emprestimo em 60 meses,Empréstimo
Vocês liberam crédito para quem está com restrição no CPF?,Empréstimo
da emprestimo pra qm ta com nome sujo,Empréstimo
Como solicitar o cancelamento do empréstimo no prazo de sete dias?,Empréstimo
peguei emprestimo ontem tem cm devolver,Empréstimo
Quais as condições para fazer um empréstimo com garantia de veículo?,Empréstimo
como poe o carro de garantia no emprestimo,Empréstimo
Onde acesso o contrato digital do empréstimo que realizei?,Empréstimo
kd o contrato do meu emprestimo,Empréstimo
O limite pré-aprovado do empréstimo reduz meu limite de compras?,Empréstimo
o emprestimo usa o limite do cartao ne,Empréstimo
Posso pedir outro empréstimo mesmo já tendo um ativo?,Empréstimo
da p pegar dois emprestimos juntos,Empréstimo
Meu empréstimo está em análise há três dias.,Empréstimo
demora mt p liberar o emprestimo,Empréstimo
Qual a diferença entre empréstimo pessoal e cheque especial?,Empréstimo
emprestimo e melhor q cheque especial,Empréstimo
Fiz um empréstimo mas me arrependi do prazo escolhido.,Empréstimo
tem cm mudar a qnt de parcelas do emprestimo q ja fiz,Empréstimo
Posso antecipar o pagamento de todo o empréstimo de uma vez?,Empréstimo
qro quitar o emprestimo hj tem desconto,Empréstimo
O empréstimo debita automático da minha conta corrente?,Empréstimo
o emprestimo desconta sozinho da conta,Empréstimo
Vocês fazem portabilidade de empréstimo de outras instituições?,Empréstimo
qro trazer meu emprestimo de outro banco p ca,Empréstimo
Como renegociar as parcelas atrasadas do meu empréstimo?,Empréstimo
n consegui pagar o emprestimo esse mes oq faco,Empréstimo
O seguro prestamista é obrigatório na contratação do empréstimo?,Empréstimo
pra q serve esse seguro no meu emprestimo,Empréstimo
Quanto de limite de empréstimo eu tenho liberado hoje?,Empréstimo
qnto vcs me emprestam hj,Empréstimo
Esqueci minha senha de seis dígitos de acesso ao aplicativo.,Senha
esqueci a senha q entra no app,Senha
Como desbloqueio a senha que foi revogada por tentativas incorretas?,Senha
bloqueei a senha pq errei mt,Senha
Onde encontro a opção para redefinir a senha eletrônica?,Senha
como q muda a senha do banco,Senha
A senha exigida no aplicativo é a mesma do cartão de débito?,Senha
a senha do app e a de 4 numeros,Senha
Onde consulto a senha temporária enviada para o meu primeiro acesso?,Senha
kd a senha q vcs mandaram p eu entrar,Senha
Minha senha de transação inspirou e pede para ser trocada.,Senha
app pedindo p mudar a senha pq venceu,Senha
O link de recuperação de senha não chega no meu e-mail cadastrado.,Senha
n recebo o email p resetar a senha,Senha
Quais os critérios de segurança para cadastrar uma nova senha?,Senha
qnts numeros precisa por na senha nova,Senha
Qual senha devo utilizar ao gerar o cartão virtual no aplicativo?,Senha
qual senha ponho p comprar na internet,Senha
Minha senha foi bloqueada por suspeita de acesso indevido.,Senha
banco travou minha senha por seguranca,Senha
Como recuperar a senha de letras da internet banking?,Senha
esqueci a assinatura eletronica,Senha
Posso colocar a minha data de nascimento como senha do cartão?,Senha
pode por data de aniversario na senha,Senha
Fui no caixa eletrônico e disse que a senha está incorreta.,Senha
senha dando erro no 24h mas ta certa,Senha
Como alterar a senha do cartão adicional do meu filho?,Senha
cm muda a senha do cartao adicional,Senha
O aplicativo não aceita a nova senha que estou tentando criar.,Senha
app n deixa eu criar senha nova,Senha
Cadastrei a biometria mas o aplicativo continua pedindo a senha.,Senha
pra q pede senha se tem biometria,Senha
É possível visualizar a senha do cartão pelo próprio aplicativo?,Senha
onde vejo a senha do meu cartao de credito,Senha
Minha senha do cartão foi exposta e preciso trocar com urgência.,Senha
acharam minha senha quero mudar,Senha
A senha silábica foi cancelada e não sei como reativar.,Senha
como arruma a senha de letras,Senha
Bloquearam minha senha no exterior e estou sem dinheiro.,Senha
bloqueou a senha fora do brasil socorro,Senha